{
	"pages": [{
		"path": "pages/index/index",
		"style": {
			"navigationStyle": "custom"
		}
	}, {
		"path": "pages/find/find",
		"style": {
			"navigationBarTitleText": "发现",
			"enablePullDownRefresh": false
		}

	}, {
		"path": "pages/my/my",
		"style": {
			"navigationBarTitleText": "我的",
			"enablePullDownRefresh": false
		}

	}],
	"globalStyle": {
		"navigationBarTextStyle": "black",
		"navigationBarTitleText": "云班课",
		"navigationBarBackgroundColor": "#f8f9fa",
		"backgroundColor": "#F4F4F4"
	},
	"tabBar": {
		"backgroundColor": "#FFFFFF",
		"borderStyle": "black",
		"color": "#BDBDBD",
		"selectedColor": "#1296db",
		"list": [{
			"iconPath": "static/tabbar/index.png",
			"selectedIconPath": "static/tabbar/index-selected.png",
			"pagePath": "pages/index/index",
			"text": "班课"
		}, {
			"iconPath": "static/tabbar/find.png",
			"selectedIconPath": "static/tabbar/find-selected.png",
			"pagePath": "pages/find/find",
			"text": "发现"
		}, {
			"iconPath": "static/tabbar/my.png",
			"selectedIconPath": "static/tabbar/my-selected.png",
			"pagePath": "pages/my/my",
			"text": "我的"
		}]
	},
	"uniIdRouter": {}
}