{
    "items": [
      {
        "id": 1,
        "title": "Vue3 学习",
        "date": "2023-03-23",
        "logo":"/src/assets/images/RealWorldVue3.png",
        "location": "南京",
        "description": "Vue3 提供了更好的性能,更小的捆绑包体积,更好的TS集成,用于处理大规模用例的新 API",
        "finished": false
      },
      {
        "id": 2,
        "title": "Pinia 学习",
        "date": "2023-03-23",
        "logo": "/src/assets/images/pinia.png",
        "location": "苏州",
        "description": "Pinia是Vue.js的状态管理库,是类型安全、可扩展性以及模块化设计。甚至让你忘记正在使用的是一个状态库。",
        "finished": true
      },
      {
        "id": 3,
        "title": "TS 学习",
        "date": "2023-03-23",
        "logo": "/src/assets/images/ts.png",
        "location": "无锡",
        "description": "TypeScript 是添加了类型系统的 JavaScript,适用于任何规模的项目",
        "finished": false
      },
      {
        "id": 4,
        "title": "Vite 学习",
        "date": "2023-03-23",
        "logo": "/src/assets/images/vite.png",
        "location": "南京",
        "description": "Vite(法语意为快速的)是一种新型前端构建工具，能够显著提升前端开发体验",
        "finished": true
      }
    ],
    "items1": [
      {
        "id": 1,
        "title": "Java学习",
        "date": "2023-03-23"
      },
      {
        "id": 2,
        "title": "Maven学习",
        "date": "2023-03-23"
      }
    ]
  }
  